{"cameraMode":{"drawMode":0,"name":"Shaded","section":"Shading Mode"},"sceneLighting":false,"audioPlay":false,"sceneViewState":{"showFog":false,"showMaterialUpdate":false,"showSkybox":false,"showFlares":false,"showImageEffects":false,"showParticleSystems":false},"in2DMode":false,"pivot":{"x":5.77716064453125,"y":16.558122634887697,"z":-17.10138702392578},"rotation":{"x":0.12775267660617829,"y":-0.7154452800750732,"z":0.1357405036687851,"w":0.6733438372612},"size":42.98507308959961,"orthographic":false}