{"cameraMode":{"drawMode":0,"name":"Shaded","section":"Shading Mode"},"sceneLighting":false,"audioPlay":false,"sceneViewState":{"showFog":false,"showMaterialUpdate":false,"showSkybox":false,"showFlares":false,"showImageEffects":false,"showParticleSystems":false},"in2DMode":false,"pivot":{"x":14.342687606811524,"y":18.21384620666504,"z":11.496503829956055},"rotation":{"x":0.12775267660617829,"y":-0.7154452800750732,"z":0.1357405036687851,"w":0.6733438372612},"size":24.744871139526368,"orthographic":true}